,accuracy,precision,recall,f1,auc_roc,avg_precision,inference_ms,params_M
No Augmentation,0.9587628865979382,0.9583333333333334,0.9583333333333334,0.9583333333333334,0.994047619047619,0.993800060230738,,
No Stage 1,0.9381443298969072,0.9772727272727273,0.8958333333333334,0.9347826086956522,0.9927721088435374,0.9929131404872289,,
V1 Dataset (253),0.7895,0.7391,0.8947,0.8095,0.9363,0.0,,
PhishViT V2 (Full),0.9175257731958762,0.9347826086956522,0.8958333333333334,0.9148936170212766,0.9927721088435375,0.9926868519606575,5.44,21.7
