Model,accuracy,precision,recall,f1,auc_roc,avg_precision,inference_ms,params_M
ResNet50,0.9381443298969072,0.9375,0.9375,0.9375,0.989795918367347,0.9908678611422175,7.08,23.5
EfficientNet-B0,0.7422680412371134,0.7674418604651163,0.6875,0.7252747252747253,0.808673469387755,0.7891827764088819,8.57,4.0
ViT-Base,0.8865979381443299,0.9111111111111111,0.8541666666666666,0.8817204301075269,0.9808673469387754,0.9821276618951418,12.95,85.8
DeiT-Small,0.9175257731958762,0.9347826086956522,0.8958333333333334,0.9148936170212766,0.9927721088435375,0.9926868519606575,5.44,21.7
