accuracy,precision,recall,f1,auc_roc,avg_precision
0.8682170542635659,0.9285714285714286,0.8,0.859504132231405,0.9372596153846153,0.9530275566831656
0.8449612403100775,0.8142857142857143,0.890625,0.8507462686567164,0.9329326923076923,0.9437943516119588
0.8359375,0.9056603773584906,0.75,0.8205128205128205,0.92041015625,0.9368040926607435
0.8671875,0.821917808219178,0.9375,0.8759124087591241,0.9561767578125,0.9555239271940486
0.875,0.9137931034482759,0.828125,0.8688524590163934,0.94287109375,0.9548326734777977
