,accuracy,precision,recall,f1,auc_roc,avg_precision
Clean,0.9175257731958762,0.9347826086956522,0.8958333333333334,0.9148936170212766,0.9927721088435375,0.9926868519606575
Gaussian Blur,0.8969072164948454,0.8958333333333334,0.8958333333333334,0.8958333333333334,0.977891156462585,0.97658157699536
Brightness +30%,0.8969072164948454,0.9130434782608695,0.875,0.8936170212765957,0.9880952380952381,0.9882457049976909
Brightness -30%,0.9381443298969072,0.9375,0.9375,0.9375,0.9931972789115646,0.9931599097000885
Low Contrast,0.9278350515463918,0.9361702127659575,0.9166666666666666,0.9263157894736842,0.991921768707483,0.9921073314021627
Random Rotation,0.9175257731958762,0.9347826086956522,0.8958333333333334,0.9148936170212766,0.9885204081632653,0.9886159185152347
